cc_mse_cov,cc,auc,dauc
0.7380716605541051,0.9999941017066765,0.37857150174044707,1.293715785508058
